{
  "Sample" : {
    "transaction" : "Sample",
    "sampleCount" : 1,
    "errorCount" : 0,
    "errorPct" : 0.0,
    "meanResTime" : 1597.0,
    "medianResTime" : 1597.0,
    "minResTime" : 1597.0,
    "maxResTime" : 1597.0,
    "pct1ResTime" : 1597.0,
    "pct2ResTime" : 1597.0,
    "pct3ResTime" : 1597.0,
    "throughput" : 0.6261740763932373,
    "receivedKBytesPerSec" : 13.830253013462743,
    "sentKBytesPerSec" : 0.3100295475892298
  },
  "Total" : {
    "transaction" : "Total",
    "sampleCount" : 1,
    "errorCount" : 0,
    "errorPct" : 0.0,
    "meanResTime" : 1597.0,
    "medianResTime" : 1597.0,
    "minResTime" : 1597.0,
    "maxResTime" : 1597.0,
    "pct1ResTime" : 1597.0,
    "pct2ResTime" : 1597.0,
    "pct3ResTime" : 1597.0,
    "throughput" : 0.6261740763932373,
    "receivedKBytesPerSec" : 13.830253013462743,
    "sentKBytesPerSec" : 0.3100295475892298
  }
}