{
  "Sample" : {
    "transaction" : "Sample",
    "sampleCount" : 1,
    "errorCount" : 0,
    "errorPct" : 0.0,
    "meanResTime" : 1750.0,
    "medianResTime" : 1750.0,
    "minResTime" : 1750.0,
    "maxResTime" : 1750.0,
    "pct1ResTime" : 1750.0,
    "pct2ResTime" : 1750.0,
    "pct3ResTime" : 1750.0,
    "throughput" : 0.5714285714285715,
    "receivedKBytesPerSec" : 12.62109375,
    "sentKBytesPerSec" : 0.28292410714285715
  },
  "Total" : {
    "transaction" : "Total",
    "sampleCount" : 1,
    "errorCount" : 0,
    "errorPct" : 0.0,
    "meanResTime" : 1750.0,
    "medianResTime" : 1750.0,
    "minResTime" : 1750.0,
    "maxResTime" : 1750.0,
    "pct1ResTime" : 1750.0,
    "pct2ResTime" : 1750.0,
    "pct3ResTime" : 1750.0,
    "throughput" : 0.5714285714285715,
    "receivedKBytesPerSec" : 12.62109375,
    "sentKBytesPerSec" : 0.28292410714285715
  }
}